2023 pp,control pass,,apass1,,apass2,,\
period,JIRA,report,JIRA,report,JIRA,report,\
LHC23zw,O2-4150,LHC23zw_cpass0,,,,,\
LHC23zx,O2-4181,LHC23zx_cpass0,,,,,\
LHC23zy,O2-4182,LHC23zy_cpass0,,,,,\
LHC23zz,O2-4190,LHC23zz_cpass0,,,,,\
LHC23zza,O2-4199,LHC23zza_cpass0,,,,,\
LHC23zzb,O2-4201,LHC23zzb_cpass0,,,,,\
LHC23zzc,O2-4206,LHC23zzc_cpass0,,,,,\
LHC23zzd,O2-4207,LHC23zzd_cpass0,,,,,\
LHC23zze,O2-4219,LHC23zze_cpass0,,,,,\
LHC23zzf,O2-4228,LHC23zzf_cpass0,O2-4526,LHC23zzf_apass1,O2-4574,LHC23zzf_apass2,\
LHC23zzg,O2-4228,LHC23zzg_cpass0,O2-4526,LHC23zzg_apass1,O2-4574,LHC23zzg_apass2,\
LHC23zzh,O2-4231,LHC23zzh_cpass0,O2-4527,LHC23zzh_apass1,O2-4575,LHC23zzh_apass2,\
LHC23zzi,O2-4231,LHC23zzi_cpass0,O2-4527,LHC23zzi_apass1,O2-4575,LHC23zzi_apass2,\
LHC23zzj,O2-4249,VdM scans,-,VdM scans,-,VdM scans,\
LHC23zzk,O2-4250,LHC23zzk_cpass0,O2-4545,LHC23zzk_apass1,O2-4576,LHC23zzk_apass2,\
LHC23zzl,O2-4262,LHC23zzl_cpass0,,,,,\
LHC23zzm,O2-4263,LHC23zzm_cpass0,,,,,\
LHC23zzn,O2-4263,LHC23zzn_cpass0,,,,,\
LHC23zzo,O2-4310,LHC23zzo_cpass0,,,,,\